{
    "Talk001.rlMotion": 2.866666555404663,
    "Talk002.rlMotion": 1.7833333015441895,
    "Talk003.rlMotion": 6.683333396911621,
    "Talk004.rlMotion": 4.083333492279053,
    "Talk005.rlMotion": 3.9833333492279053,
    "Talk006.rlMotion": 1.350000023841858
}